,cloudy,rain,shine,sunrise
0,1,0,0,0
1,1,0,0,0
2,1,0,0,0
3,1,0,0,0
4,1,0,0,0
5,1,0,0,0
6,1,0,0,0
7,1,0,0,0
8,1,0,0,0
9,1,0,0,0
10,1,0,0,0
11,1,0,0,0
12,1,0,0,0
13,1,0,0,0
14,1,0,0,0
15,1,0,0,0
16,1,0,0,0
17,1,0,0,0
18,1,0,0,0
19,1,0,0,0
20,1,0,0,0
21,1,0,0,0
22,1,0,0,0
23,1,0,0,0
24,1,0,0,0
25,1,0,0,0
26,1,0,0,0
27,1,0,0,0
28,1,0,0,0
29,1,0,0,0
30,1,0,0,0
31,1,0,0,0
32,1,0,0,0
33,1,0,0,0
34,1,0,0,0
35,1,0,0,0
36,1,0,0,0
37,1,0,0,0
38,1,0,0,0
39,1,0,0,0
40,1,0,0,0
41,1,0,0,0
42,1,0,0,0
43,1,0,0,0
44,1,0,0,0
45,1,0,0,0
46,1,0,0,0
47,1,0,0,0
48,1,0,0,0
49,1,0,0,0
50,1,0,0,0
51,1,0,0,0
52,1,0,0,0
53,1,0,0,0
54,1,0,0,0
55,1,0,0,0
56,1,0,0,0
57,1,0,0,0
58,1,0,0,0
59,1,0,0,0
60,1,0,0,0
61,1,0,0,0
62,1,0,0,0
63,1,0,0,0
64,1,0,0,0
65,1,0,0,0
66,1,0,0,0
67,1,0,0,0
68,1,0,0,0
69,1,0,0,0
70,1,0,0,0
71,1,0,0,0
72,1,0,0,0
73,1,0,0,0
74,1,0,0,0
75,1,0,0,0
76,1,0,0,0
77,1,0,0,0
78,1,0,0,0
79,1,0,0,0
80,1,0,0,0
81,1,0,0,0
82,1,0,0,0
83,1,0,0,0
84,1,0,0,0
85,1,0,0,0
86,1,0,0,0
87,1,0,0,0
88,1,0,0,0
89,1,0,0,0
90,1,0,0,0
91,1,0,0,0
92,1,0,0,0
93,1,0,0,0
94,1,0,0,0
95,1,0,0,0
96,1,0,0,0
97,1,0,0,0
98,1,0,0,0
99,1,0,0,0
100,1,0,0,0
101,1,0,0,0
102,1,0,0,0
103,1,0,0,0
104,1,0,0,0
105,1,0,0,0
106,1,0,0,0
107,1,0,0,0
108,1,0,0,0
109,1,0,0,0
110,1,0,0,0
111,1,0,0,0
112,1,0,0,0
113,1,0,0,0
114,1,0,0,0
115,1,0,0,0
116,1,0,0,0
117,1,0,0,0
118,1,0,0,0
119,1,0,0,0
120,1,0,0,0
121,1,0,0,0
122,1,0,0,0
123,1,0,0,0
124,1,0,0,0
125,1,0,0,0
126,1,0,0,0
127,1,0,0,0
128,1,0,0,0
129,1,0,0,0
130,1,0,0,0
131,1,0,0,0
132,1,0,0,0
133,1,0,0,0
134,1,0,0,0
135,1,0,0,0
136,1,0,0,0
137,1,0,0,0
138,1,0,0,0
139,1,0,0,0
140,1,0,0,0
141,1,0,0,0
142,1,0,0,0
143,1,0,0,0
144,1,0,0,0
145,1,0,0,0
146,1,0,0,0
147,1,0,0,0
148,1,0,0,0
149,1,0,0,0
150,1,0,0,0
151,1,0,0,0
152,1,0,0,0
153,1,0,0,0
154,1,0,0,0
155,1,0,0,0
156,1,0,0,0
157,1,0,0,0
158,1,0,0,0
159,1,0,0,0
160,1,0,0,0
161,1,0,0,0
162,1,0,0,0
163,1,0,0,0
164,1,0,0,0
165,1,0,0,0
166,1,0,0,0
167,1,0,0,0
168,1,0,0,0
169,1,0,0,0
170,1,0,0,0
171,1,0,0,0
172,1,0,0,0
173,1,0,0,0
174,1,0,0,0
175,1,0,0,0
176,1,0,0,0
177,1,0,0,0
178,1,0,0,0
179,1,0,0,0
180,1,0,0,0
181,1,0,0,0
182,1,0,0,0
183,1,0,0,0
184,1,0,0,0
185,1,0,0,0
186,1,0,0,0
187,1,0,0,0
188,1,0,0,0
189,1,0,0,0
190,1,0,0,0
191,1,0,0,0
192,1,0,0,0
193,1,0,0,0
194,1,0,0,0
195,1,0,0,0
196,1,0,0,0
197,1,0,0,0
198,1,0,0,0
199,1,0,0,0
200,1,0,0,0
201,1,0,0,0
202,1,0,0,0
203,1,0,0,0
204,1,0,0,0
205,1,0,0,0
206,1,0,0,0
207,1,0,0,0
208,1,0,0,0
209,1,0,0,0
210,1,0,0,0
211,1,0,0,0
212,1,0,0,0
213,1,0,0,0
214,1,0,0,0
215,1,0,0,0
216,1,0,0,0
217,1,0,0,0
218,1,0,0,0
219,1,0,0,0
220,1,0,0,0
221,1,0,0,0
222,1,0,0,0
223,1,0,0,0
224,1,0,0,0
225,1,0,0,0
226,1,0,0,0
227,1,0,0,0
228,1,0,0,0
229,1,0,0,0
230,1,0,0,0
231,1,0,0,0
232,1,0,0,0
233,1,0,0,0
234,1,0,0,0
235,1,0,0,0
236,1,0,0,0
237,1,0,0,0
238,1,0,0,0
239,1,0,0,0
240,1,0,0,0
241,1,0,0,0
242,1,0,0,0
243,1,0,0,0
244,1,0,0,0
245,1,0,0,0
246,1,0,0,0
247,1,0,0,0
248,1,0,0,0
249,1,0,0,0
250,1,0,0,0
251,1,0,0,0
252,1,0,0,0
253,1,0,0,0
254,1,0,0,0
255,1,0,0,0
256,1,0,0,0
257,1,0,0,0
258,1,0,0,0
259,1,0,0,0
260,1,0,0,0
261,1,0,0,0
262,1,0,0,0
263,1,0,0,0
264,1,0,0,0
265,1,0,0,0
266,1,0,0,0
267,1,0,0,0
268,1,0,0,0
269,1,0,0,0
270,1,0,0,0
271,1,0,0,0
272,1,0,0,0
273,1,0,0,0
274,1,0,0,0
275,1,0,0,0
276,1,0,0,0
277,1,0,0,0
278,1,0,0,0
279,1,0,0,0
280,1,0,0,0
281,1,0,0,0
282,1,0,0,0
283,1,0,0,0
284,1,0,0,0
285,1,0,0,0
286,1,0,0,0
287,1,0,0,0
288,1,0,0,0
289,1,0,0,0
290,1,0,0,0
291,1,0,0,0
292,1,0,0,0
293,1,0,0,0
294,1,0,0,0
295,1,0,0,0
296,1,0,0,0
297,1,0,0,0
298,1,0,0,0
299,1,0,0,0
300,0,1,0,0
301,0,1,0,0
302,0,1,0,0
303,0,1,0,0
304,0,1,0,0
305,0,1,0,0
306,0,1,0,0
307,0,1,0,0
308,0,1,0,0
309,0,1,0,0
310,0,1,0,0
311,0,1,0,0
312,0,1,0,0
313,0,1,0,0
314,0,1,0,0
315,0,1,0,0
316,0,1,0,0
317,0,1,0,0
318,0,1,0,0
319,0,1,0,0
320,0,1,0,0
321,0,1,0,0
322,0,1,0,0
323,0,1,0,0
324,0,1,0,0
325,0,1,0,0
326,0,1,0,0
327,0,1,0,0
328,0,1,0,0
329,0,1,0,0
330,0,1,0,0
331,0,1,0,0
332,0,1,0,0
333,0,1,0,0
334,0,1,0,0
335,0,1,0,0
336,0,1,0,0
337,0,1,0,0
338,0,1,0,0
339,0,1,0,0
340,0,1,0,0
341,0,1,0,0
342,0,1,0,0
343,0,1,0,0
344,0,1,0,0
345,0,1,0,0
346,0,1,0,0
347,0,1,0,0
348,0,1,0,0
349,0,1,0,0
350,0,1,0,0
351,0,1,0,0
352,0,1,0,0
353,0,1,0,0
354,0,1,0,0
355,0,1,0,0
356,0,1,0,0
357,0,1,0,0
358,0,1,0,0
359,0,1,0,0
360,0,1,0,0
361,0,1,0,0
362,0,1,0,0
363,0,1,0,0
364,0,1,0,0
365,0,1,0,0
366,0,1,0,0
367,0,1,0,0
368,0,1,0,0
369,0,1,0,0
370,0,1,0,0
371,0,1,0,0
372,0,1,0,0
373,0,1,0,0
374,0,1,0,0
375,0,1,0,0
376,0,1,0,0
377,0,1,0,0
378,0,1,0,0
379,0,1,0,0
380,0,1,0,0
381,0,1,0,0
382,0,1,0,0
383,0,1,0,0
384,0,1,0,0
385,0,1,0,0
386,0,1,0,0
387,0,1,0,0
388,0,1,0,0
389,0,1,0,0
390,0,1,0,0
391,0,1,0,0
392,0,1,0,0
393,0,1,0,0
394,0,1,0,0
395,0,1,0,0
396,0,1,0,0
397,0,1,0,0
398,0,1,0,0
399,0,1,0,0
400,0,1,0,0
401,0,1,0,0
402,0,1,0,0
403,0,1,0,0
404,0,1,0,0
405,0,1,0,0
406,0,1,0,0
407,0,1,0,0
408,0,1,0,0
409,0,1,0,0
410,0,1,0,0
411,0,1,0,0
412,0,1,0,0
413,0,1,0,0
414,0,1,0,0
415,0,1,0,0
416,0,1,0,0
417,0,1,0,0
418,0,1,0,0
419,0,1,0,0
420,0,1,0,0
421,0,1,0,0
422,0,1,0,0
423,0,1,0,0
424,0,1,0,0
425,0,1,0,0
426,0,1,0,0
427,0,1,0,0
428,0,1,0,0
429,0,1,0,0
430,0,1,0,0
431,0,1,0,0
432,0,1,0,0
433,0,1,0,0
434,0,1,0,0
435,0,1,0,0
436,0,1,0,0
437,0,1,0,0
438,0,1,0,0
439,0,1,0,0
440,0,1,0,0
441,0,1,0,0
442,0,1,0,0
443,0,1,0,0
444,0,1,0,0
445,0,1,0,0
446,0,1,0,0
447,0,1,0,0
448,0,1,0,0
449,0,1,0,0
450,0,1,0,0
451,0,1,0,0
452,0,1,0,0
453,0,1,0,0
454,0,1,0,0
455,0,1,0,0
456,0,1,0,0
457,0,1,0,0
458,0,1,0,0
459,0,1,0,0
460,0,1,0,0
461,0,1,0,0
462,0,1,0,0
463,0,1,0,0
464,0,1,0,0
465,0,1,0,0
466,0,1,0,0
467,0,1,0,0
468,0,1,0,0
469,0,1,0,0
470,0,1,0,0
471,0,1,0,0
472,0,1,0,0
473,0,1,0,0
474,0,1,0,0
475,0,1,0,0
476,0,1,0,0
477,0,1,0,0
478,0,1,0,0
479,0,1,0,0
480,0,1,0,0
481,0,1,0,0
482,0,1,0,0
483,0,1,0,0
484,0,1,0,0
485,0,1,0,0
486,0,1,0,0
487,0,1,0,0
488,0,1,0,0
489,0,1,0,0
490,0,1,0,0
491,0,1,0,0
492,0,1,0,0
493,0,1,0,0
494,0,1,0,0
495,0,1,0,0
496,0,1,0,0
497,0,1,0,0
498,0,1,0,0
499,0,1,0,0
500,0,1,0,0
501,0,1,0,0
502,0,1,0,0
503,0,1,0,0
504,0,1,0,0
505,0,1,0,0
506,0,1,0,0
507,0,1,0,0
508,0,1,0,0
509,0,1,0,0
510,0,1,0,0
511,0,1,0,0
512,0,1,0,0
513,0,0,1,0
514,0,0,1,0
515,0,0,1,0
516,0,0,1,0
517,0,0,1,0
518,0,0,1,0
519,0,0,1,0
520,0,0,1,0
521,0,0,1,0
522,0,0,1,0
523,0,0,1,0
524,0,0,1,0
525,0,0,1,0
526,0,0,1,0
527,0,0,1,0
528,0,0,1,0
529,0,0,1,0
530,0,0,1,0
531,0,0,1,0
532,0,0,1,0
533,0,0,1,0
534,0,0,1,0
535,0,0,1,0
536,0,0,1,0
537,0,0,1,0
538,0,0,1,0
539,0,0,1,0
540,0,0,1,0
541,0,0,1,0
542,0,0,1,0
543,0,0,1,0
544,0,0,1,0
545,0,0,1,0
546,0,0,1,0
547,0,0,1,0
548,0,0,1,0
549,0,0,1,0
550,0,0,1,0
551,0,0,1,0
552,0,0,1,0
553,0,0,1,0
554,0,0,1,0
555,0,0,1,0
556,0,0,1,0
557,0,0,1,0
558,0,0,1,0
559,0,0,1,0
560,0,0,1,0
561,0,0,1,0
562,0,0,1,0
563,0,0,1,0
564,0,0,1,0
565,0,0,1,0
566,0,0,1,0
567,0,0,1,0
568,0,0,1,0
569,0,0,1,0
570,0,0,1,0
571,0,0,1,0
572,0,0,1,0
573,0,0,1,0
574,0,0,1,0
575,0,0,1,0
576,0,0,1,0
577,0,0,1,0
578,0,0,1,0
579,0,0,1,0
580,0,0,1,0
581,0,0,1,0
582,0,0,1,0
583,0,0,1,0
584,0,0,1,0
585,0,0,1,0
586,0,0,1,0
587,0,0,1,0
588,0,0,1,0
589,0,0,1,0
590,0,0,1,0
591,0,0,1,0
592,0,0,1,0
593,0,0,1,0
594,0,0,1,0
595,0,0,1,0
596,0,0,1,0
597,0,0,1,0
598,0,0,1,0
599,0,0,1,0
600,0,0,1,0
601,0,0,1,0
602,0,0,1,0
603,0,0,1,0
604,0,0,1,0
605,0,0,1,0
606,0,0,1,0
607,0,0,1,0
608,0,0,1,0
609,0,0,1,0
610,0,0,1,0
611,0,0,1,0
612,0,0,1,0
613,0,0,1,0
614,0,0,1,0
615,0,0,1,0
616,0,0,1,0
617,0,0,1,0
618,0,0,1,0
619,0,0,1,0
620,0,0,1,0
621,0,0,1,0
622,0,0,1,0
623,0,0,1,0
624,0,0,1,0
625,0,0,1,0
626,0,0,1,0
627,0,0,1,0
628,0,0,1,0
629,0,0,1,0
630,0,0,1,0
631,0,0,1,0
632,0,0,1,0
633,0,0,1,0
634,0,0,1,0
635,0,0,1,0
636,0,0,1,0
637,0,0,1,0
638,0,0,1,0
639,0,0,1,0
640,0,0,1,0
641,0,0,1,0
642,0,0,1,0
643,0,0,1,0
644,0,0,1,0
645,0,0,1,0
646,0,0,1,0
647,0,0,1,0
648,0,0,1,0
649,0,0,1,0
650,0,0,1,0
651,0,0,1,0
652,0,0,1,0
653,0,0,1,0
654,0,0,1,0
655,0,0,1,0
656,0,0,1,0
657,0,0,1,0
658,0,0,1,0
659,0,0,1,0
660,0,0,1,0
661,0,0,1,0
662,0,0,1,0
663,0,0,1,0
664,0,0,1,0
665,0,0,1,0
666,0,0,1,0
667,0,0,1,0
668,0,0,1,0
669,0,0,1,0
670,0,0,1,0
671,0,0,1,0
672,0,0,1,0
673,0,0,1,0
674,0,0,1,0
675,0,0,1,0
676,0,0,1,0
677,0,0,1,0
678,0,0,1,0
679,0,0,1,0
680,0,0,1,0
681,0,0,1,0
682,0,0,1,0
683,0,0,1,0
684,0,0,1,0
685,0,0,1,0
686,0,0,1,0
687,0,0,1,0
688,0,0,1,0
689,0,0,1,0
690,0,0,1,0
691,0,0,1,0
692,0,0,1,0
693,0,0,1,0
694,0,0,1,0
695,0,0,1,0
696,0,0,1,0
697,0,0,1,0
698,0,0,1,0
699,0,0,1,0
700,0,0,1,0
701,0,0,1,0
702,0,0,1,0
703,0,0,1,0
704,0,0,1,0
705,0,0,1,0
706,0,0,1,0
707,0,0,1,0
708,0,0,1,0
709,0,0,1,0
710,0,0,1,0
711,0,0,1,0
712,0,0,1,0
713,0,0,1,0
714,0,0,1,0
715,0,0,1,0
716,0,0,1,0
717,0,0,1,0
718,0,0,1,0
719,0,0,1,0
720,0,0,1,0
721,0,0,1,0
722,0,0,1,0
723,0,0,1,0
724,0,0,1,0
725,0,0,1,0
726,0,0,1,0
727,0,0,1,0
728,0,0,1,0
729,0,0,1,0
730,0,0,1,0
731,0,0,1,0
732,0,0,1,0
733,0,0,1,0
734,0,0,1,0
735,0,0,1,0
736,0,0,1,0
737,0,0,1,0
738,0,0,1,0
739,0,0,1,0
740,0,0,1,0
741,0,0,1,0
742,0,0,1,0
743,0,0,1,0
744,0,0,1,0
745,0,0,1,0
746,0,0,1,0
747,0,0,1,0
748,0,0,1,0
749,0,0,1,0
750,0,0,1,0
751,0,0,1,0
752,0,0,1,0
753,0,0,1,0
754,0,0,1,0
755,0,0,1,0
756,0,0,1,0
757,0,0,1,0
758,0,0,1,0
759,0,0,1,0
760,0,0,1,0
761,0,0,1,0
762,0,0,1,0
763,0,0,1,0
764,0,0,1,0
765,0,0,0,1
766,0,0,0,1
767,0,0,0,1
768,0,0,0,1
769,0,0,0,1
770,0,0,0,1
771,0,0,0,1
772,0,0,0,1
773,0,0,0,1
774,0,0,0,1
775,0,0,0,1
776,0,0,0,1
777,0,0,0,1
778,0,0,0,1
779,0,0,0,1
780,0,0,0,1
781,0,0,0,1
782,0,0,0,1
783,0,0,0,1
784,0,0,0,1
785,0,0,0,1
786,0,0,0,1
787,0,0,0,1
788,0,0,0,1
789,0,0,0,1
790,0,0,0,1
791,0,0,0,1
792,0,0,0,1
793,0,0,0,1
794,0,0,0,1
795,0,0,0,1
796,0,0,0,1
797,0,0,0,1
798,0,0,0,1
799,0,0,0,1
800,0,0,0,1
801,0,0,0,1
802,0,0,0,1
803,0,0,0,1
804,0,0,0,1
805,0,0,0,1
806,0,0,0,1
807,0,0,0,1
808,0,0,0,1
809,0,0,0,1
810,0,0,0,1
811,0,0,0,1
812,0,0,0,1
813,0,0,0,1
814,0,0,0,1
815,0,0,0,1
816,0,0,0,1
817,0,0,0,1
818,0,0,0,1
819,0,0,0,1
820,0,0,0,1
821,0,0,0,1
822,0,0,0,1
823,0,0,0,1
824,0,0,0,1
825,0,0,0,1
826,0,0,0,1
827,0,0,0,1
828,0,0,0,1
829,0,0,0,1
830,0,0,0,1
831,0,0,0,1
832,0,0,0,1
833,0,0,0,1
834,0,0,0,1
835,0,0,0,1
836,0,0,0,1
837,0,0,0,1
838,0,0,0,1
839,0,0,0,1
840,0,0,0,1
841,0,0,0,1
842,0,0,0,1
843,0,0,0,1
844,0,0,0,1
845,0,0,0,1
846,0,0,0,1
847,0,0,0,1
848,0,0,0,1
849,0,0,0,1
850,0,0,0,1
851,0,0,0,1
852,0,0,0,1
853,0,0,0,1
854,0,0,0,1
855,0,0,0,1
856,0,0,0,1
857,0,0,0,1
858,0,0,0,1
859,0,0,0,1
860,0,0,0,1
861,0,0,0,1
862,0,0,0,1
863,0,0,0,1
864,0,0,0,1
865,0,0,0,1
866,0,0,0,1
867,0,0,0,1
868,0,0,0,1
869,0,0,0,1
870,0,0,0,1
871,0,0,0,1
872,0,0,0,1
873,0,0,0,1
874,0,0,0,1
875,0,0,0,1
876,0,0,0,1
877,0,0,0,1
878,0,0,0,1
879,0,0,0,1
880,0,0,0,1
881,0,0,0,1
882,0,0,0,1
883,0,0,0,1
884,0,0,0,1
885,0,0,0,1
886,0,0,0,1
887,0,0,0,1
888,0,0,0,1
889,0,0,0,1
890,0,0,0,1
891,0,0,0,1
892,0,0,0,1
893,0,0,0,1
894,0,0,0,1
895,0,0,0,1
896,0,0,0,1
897,0,0,0,1
898,0,0,0,1
899,0,0,0,1
900,0,0,0,1
901,0,0,0,1
902,0,0,0,1
903,0,0,0,1
904,0,0,0,1
905,0,0,0,1
906,0,0,0,1
907,0,0,0,1
908,0,0,0,1
909,0,0,0,1
910,0,0,0,1
911,0,0,0,1
912,0,0,0,1
913,0,0,0,1
914,0,0,0,1
915,0,0,0,1
916,0,0,0,1
917,0,0,0,1
918,0,0,0,1
919,0,0,0,1
920,0,0,0,1
921,0,0,0,1
922,0,0,0,1
923,0,0,0,1
924,0,0,0,1
925,0,0,0,1
926,0,0,0,1
927,0,0,0,1
928,0,0,0,1
929,0,0,0,1
930,0,0,0,1
931,0,0,0,1
932,0,0,0,1
933,0,0,0,1
934,0,0,0,1
935,0,0,0,1
936,0,0,0,1
937,0,0,0,1
938,0,0,0,1
939,0,0,0,1
940,0,0,0,1
941,0,0,0,1
942,0,0,0,1
943,0,0,0,1
944,0,0,0,1
945,0,0,0,1
946,0,0,0,1
947,0,0,0,1
948,0,0,0,1
949,0,0,0,1
950,0,0,0,1
951,0,0,0,1
952,0,0,0,1
953,0,0,0,1
954,0,0,0,1
955,0,0,0,1
956,0,0,0,1
957,0,0,0,1
958,0,0,0,1
959,0,0,0,1
960,0,0,0,1
961,0,0,0,1
962,0,0,0,1
963,0,0,0,1
964,0,0,0,1
965,0,0,0,1
966,0,0,0,1
967,0,0,0,1
968,0,0,0,1
969,0,0,0,1
970,0,0,0,1
971,0,0,0,1
972,0,0,0,1
973,0,0,0,1
974,0,0,0,1
975,0,0,0,1
976,0,0,0,1
977,0,0,0,1
978,0,0,0,1
979,0,0,0,1
980,0,0,0,1
981,0,0,0,1
982,0,0,0,1
983,0,0,0,1
984,0,0,0,1
985,0,0,0,1
986,0,0,0,1
987,0,0,0,1
988,0,0,0,1
989,0,0,0,1
990,0,0,0,1
991,0,0,0,1
992,0,0,0,1
993,0,0,0,1
994,0,0,0,1
995,0,0,0,1
996,0,0,0,1
997,0,0,0,1
998,0,0,0,1
999,0,0,0,1
1000,0,0,0,1
1001,0,0,0,1
1002,0,0,0,1
1003,0,0,0,1
1004,0,0,0,1
1005,0,0,0,1
1006,0,0,0,1
1007,0,0,0,1
1008,0,0,0,1
1009,0,0,0,1
1010,0,0,0,1
1011,0,0,0,1
1012,0,0,0,1
1013,0,0,0,1
1014,0,0,0,1
1015,0,0,0,1
1016,0,0,0,1
1017,0,0,0,1
1018,0,0,0,1
1019,0,0,0,1
1020,0,0,0,1
1021,0,0,0,1
1022,0,0,0,1
1023,0,0,0,1
1024,0,0,0,1
1025,0,0,0,1
1026,0,0,0,1
1027,0,0,0,1
1028,0,0,0,1
1029,0,0,0,1
1030,0,0,0,1
1031,0,0,0,1
1032,0,0,0,1
1033,0,0,0,1
1034,0,0,0,1
1035,0,0,0,1
1036,0,0,0,1
1037,0,0,0,1
1038,0,0,0,1
1039,0,0,0,1
1040,0,0,0,1
1041,0,0,0,1
1042,0,0,0,1
1043,0,0,0,1
1044,0,0,0,1
1045,0,0,0,1
1046,0,0,0,1
1047,0,0,0,1
1048,0,0,0,1
1049,0,0,0,1
1050,0,0,0,1
1051,0,0,0,1
1052,0,0,0,1
1053,0,0,0,1
1054,0,0,0,1
1055,0,0,0,1
1056,0,0,0,1
1057,0,0,0,1
1058,0,0,0,1
1059,0,0,0,1
1060,0,0,0,1
1061,0,0,0,1
1062,0,0,0,1
1063,0,0,0,1
1064,0,0,0,1
1065,0,0,0,1
1066,0,0,0,1
1067,0,0,0,1
1068,0,0,0,1
1069,0,0,0,1
1070,0,0,0,1
1071,0,0,0,1
1072,0,0,0,1
1073,0,0,0,1
1074,0,0,0,1
1075,0,0,0,1
1076,0,0,0,1
1077,0,0,0,1
1078,0,0,0,1
1079,0,0,0,1
1080,0,0,0,1
1081,0,0,0,1
1082,0,0,0,1
1083,0,0,0,1
1084,0,0,0,1
1085,0,0,0,1
1086,0,0,0,1
1087,0,0,0,1
1088,0,0,0,1
1089,0,0,0,1
1090,0,0,0,1
1091,0,0,0,1
1092,0,0,0,1
1093,0,0,0,1
1094,0,0,0,1
1095,0,0,0,1
1096,0,0,0,1
1097,0,0,0,1
1098,0,0,0,1
1099,0,0,0,1
1100,0,0,0,1
1101,0,0,0,1
1102,0,0,0,1
1103,0,0,0,1
1104,0,0,0,1
1105,0,0,0,1
1106,0,0,0,1
1107,0,0,0,1
1108,0,0,0,1
1109,0,0,0,1
1110,0,0,0,1
1111,0,0,0,1
1112,0,0,0,1
1113,0,0,0,1
1114,0,0,0,1
1115,0,0,0,1
1116,0,0,0,1
1117,0,0,0,1
1118,0,0,0,1
1119,0,0,0,1
1120,0,0,0,1
1121,0,0,0,1
